{
    "Anne Hidalgo": 0.5800000000000001,
    "Yannick Jadot": 0.6399999999999999,
    "Emmanuel Macron": 0.25,
    "Jean-Luc Mélenchon": 0.4,
    "Valérie Pécresse": -0.010000000000000004,
    "Fabien Roussel": 0.65,
    "Eric Zemmour": -0.2699999999999999,
    "Marine Le Pen": -0.1
}